{
    "name": "default_v1_8_2",
    "version": "1.8.2",
    "author": "Tyk Technologies Ltd. <hello@tyk.io>",
    "templates": [
        {
            "name": "Flip Flop",
            "template": "flip_flop",
            "layout": "portal_layout"
        },
        {
            "name": "Home",
            "template": "home",
            "layout": "portal_layout"
        },
        {
            "name": "Catalogue",
            "template": "catalogue",
            "layout": "portal_layout"
        }
    ]
}
